{
  "POST /offers.json-0" : {
    "transaction" : "POST /offers.json-0",
    "sampleCount" : 200,
    "errorCount" : 0,
    "errorPct" : 0.0,
    "meanResTime" : 583.5250000000001,
    "medianResTime" : 578.0,
    "minResTime" : 174.0,
    "maxResTime" : 1174.0,
    "pct1ResTime" : 868.4000000000001,
    "pct2ResTime" : 947.9499999999998,
    "pct3ResTime" : 1154.6800000000003,
    "throughput" : 1.327606922142492,
    "receivedKBytesPerSec" : 1.7204178061959416,
    "sentKBytesPerSec" : 1.1098093763898385
  },
  "GET /users/{user_id}/offers.json " : {
    "transaction" : "GET /users/{user_id}/offers.json ",
    "sampleCount" : 200,
    "errorCount" : 0,
    "errorPct" : 0.0,
    "meanResTime" : 639.0849999999996,
    "medianResTime" : 619.5,
    "minResTime" : 210.0,
    "maxResTime" : 1181.0,
    "pct1ResTime" : 895.7,
    "pct2ResTime" : 973.2499999999998,
    "pct3ResTime" : 1138.98,
    "throughput" : 1.3258994570441724,
    "receivedKBytesPerSec" : 1.7665538547211963,
    "sentKBytesPerSec" : 0.9935182162011654
  },
  "POST /offers.json-1" : {
    "transaction" : "POST /offers.json-1",
    "sampleCount" : 200,
    "errorCount" : 0,
    "errorPct" : 0.0,
    "meanResTime" : 926.6999999999997,
    "medianResTime" : 925.0,
    "minResTime" : 498.0,
    "maxResTime" : 1531.0,
    "pct1ResTime" : 1198.6,
    "pct2ResTime" : 1300.9999999999998,
    "pct3ResTime" : 1490.96,
    "throughput" : 1.324863042283004,
    "receivedKBytesPerSec" : 20.50704915117681,
    "sentKBytesPerSec" : 0.9470441891506965
  },
  "GET /products/{id}.json" : {
    "transaction" : "GET /products/{id}.json",
    "sampleCount" : 200,
    "errorCount" : 0,
    "errorPct" : 0.0,
    "meanResTime" : 1567.8550000000007,
    "medianResTime" : 1595.0,
    "minResTime" : 357.0,
    "maxResTime" : 2321.0,
    "pct1ResTime" : 1906.3,
    "pct2ResTime" : 2012.85,
    "pct3ResTime" : 2207.6000000000013,
    "throughput" : 1.3334311182820073,
    "receivedKBytesPerSec" : 21.567245660515105,
    "sentKBytesPerSec" : 1.9611594433591797
  },
  "GET /categories/{id}.json " : {
    "transaction" : "GET /categories/{id}.json ",
    "sampleCount" : 200,
    "errorCount" : 0,
    "errorPct" : 0.0,
    "meanResTime" : 577.3399999999998,
    "medianResTime" : 583.0,
    "minResTime" : 144.0,
    "maxResTime" : 1087.0,
    "pct1ResTime" : 838.8000000000001,
    "pct2ResTime" : 902.75,
    "pct3ResTime" : 1078.1300000000008,
    "throughput" : 1.323311454583951,
    "receivedKBytesPerSec" : 0.9420840335856447,
    "sentKBytesPerSec" : 0.9679428833964112
  },
  "POST /offers.json" : {
    "transaction" : "POST /offers.json",
    "sampleCount" : 200,
    "errorCount" : 0,
    "errorPct" : 0.0,
    "meanResTime" : 1510.4499999999998,
    "medianResTime" : 1499.0,
    "minResTime" : 735.0,
    "maxResTime" : 2342.0,
    "pct1ResTime" : 1834.5,
    "pct2ResTime" : 1944.9,
    "pct3ResTime" : 2232.680000000001,
    "throughput" : 1.3227863170983358,
    "receivedKBytesPerSec" : 22.1890752008155,
    "sentKBytesPerSec" : 2.051339300477526
  },
  "DELETE /products/{id}.json " : {
    "transaction" : "DELETE /products/{id}.json ",
    "sampleCount" : 200,
    "errorCount" : 0,
    "errorPct" : 0.0,
    "meanResTime" : 1524.185,
    "medianResTime" : 1560.5,
    "minResTime" : 366.0,
    "maxResTime" : 2215.0,
    "pct1ResTime" : 1846.9,
    "pct2ResTime" : 1950.85,
    "pct3ResTime" : 2061.4100000000008,
    "throughput" : 1.3375600230060325,
    "receivedKBytesPerSec" : 21.635039903177372,
    "sentKBytesPerSec" : 1.9943751421157523
  },
  "GET /products.json" : {
    "transaction" : "GET /products.json",
    "sampleCount" : 200,
    "errorCount" : 0,
    "errorPct" : 0.0,
    "meanResTime" : 649.0949999999998,
    "medianResTime" : 649.0,
    "minResTime" : 131.0,
    "maxResTime" : 1161.0,
    "pct1ResTime" : 927.4000000000001,
    "pct2ResTime" : 1010.8499999999999,
    "pct3ResTime" : 1145.8200000000002,
    "throughput" : 1.335247187635611,
    "receivedKBytesPerSec" : 1.780586027472711,
    "sentKBytesPerSec" : 1.0721487256734654
  },
  "POST /products.json " : {
    "transaction" : "POST /products.json ",
    "sampleCount" : 200,
    "errorCount" : 0,
    "errorPct" : 0.0,
    "meanResTime" : 1696.8600000000004,
    "medianResTime" : 1530.0,
    "minResTime" : 890.0,
    "maxResTime" : 5131.0,
    "pct1ResTime" : 2574.3,
    "pct2ResTime" : 3192.6999999999994,
    "pct3ResTime" : 4607.420000000004,
    "throughput" : 1.3253107853791712,
    "receivedKBytesPerSec" : 3.0832242367866516,
    "sentKBytesPerSec" : 210.3511017474223
  },
  "PUT /offers/{id}.json -0" : {
    "transaction" : "PUT /offers/{id}.json -0",
    "sampleCount" : 200,
    "errorCount" : 0,
    "errorPct" : 0.0,
    "meanResTime" : 593.1949999999994,
    "medianResTime" : 581.0,
    "minResTime" : 204.0,
    "maxResTime" : 1225.0,
    "pct1ResTime" : 845.3000000000001,
    "pct2ResTime" : 889.9,
    "pct3ResTime" : 987.97,
    "throughput" : 1.3315845189983821,
    "receivedKBytesPerSec" : 1.742269111566809,
    "sentKBytesPerSec" : 1.0745262888073663
  },
  "PUT /offers/{id}.json -1" : {
    "transaction" : "PUT /offers/{id}.json -1",
    "sampleCount" : 200,
    "errorCount" : 0,
    "errorPct" : 0.0,
    "meanResTime" : 949.6350000000001,
    "medianResTime" : 946.5,
    "minResTime" : 419.0,
    "maxResTime" : 1952.0,
    "pct1ResTime" : 1200.7,
    "pct2ResTime" : 1267.9,
    "pct3ResTime" : 1455.2700000000007,
    "throughput" : 1.3276774274922165,
    "receivedKBytesPerSec" : 20.54978214680461,
    "sentKBytesPerSec" : 0.9657038101022974
  },
  "GET /products/{id}.json-0" : {
    "transaction" : "GET /products/{id}.json-0",
    "sampleCount" : 200,
    "errorCount" : 0,
    "errorPct" : 0.0,
    "meanResTime" : 612.8549999999996,
    "medianResTime" : 607.5,
    "minResTime" : 86.0,
    "maxResTime" : 1196.0,
    "pct1ResTime" : 887.4000000000001,
    "pct2ResTime" : 959.8499999999999,
    "pct3ResTime" : 1097.88,
    "throughput" : 1.3358447214095834,
    "receivedKBytesPerSec" : 0.928829532855101,
    "sentKBytesPerSec" : 0.9947477298988766
  },
  "GET /products/{id}.json-1" : {
    "transaction" : "GET /products/{id}.json-1",
    "sampleCount" : 200,
    "errorCount" : 0,
    "errorPct" : 0.0,
    "meanResTime" : 954.8649999999998,
    "medianResTime" : 970.0,
    "minResTime" : 251.0,
    "maxResTime" : 1533.0,
    "pct1ResTime" : 1222.7,
    "pct2ResTime" : 1339.0499999999995,
    "pct3ResTime" : 1523.1400000000008,
    "throughput" : 1.3345700348990064,
    "receivedKBytesPerSec" : 20.65772355299244,
    "sentKBytesPerSec" : 0.9690359941879476
  },
  "PUT /profiles.json " : {
    "transaction" : "PUT /profiles.json ",
    "sampleCount" : 200,
    "errorCount" : 0,
    "errorPct" : 0.0,
    "meanResTime" : 1115.3200000000004,
    "medianResTime" : 1075.0,
    "minResTime" : 245.0,
    "maxResTime" : 2225.0,
    "pct1ResTime" : 1600.2,
    "pct2ResTime" : 1764.9,
    "pct3ResTime" : 2203.6400000000003,
    "throughput" : 1.342011675501577,
    "receivedKBytesPerSec" : 2.1618969335033213,
    "sentKBytesPerSec" : 212.73795806632893
  },
  "PUT /products/{id}.json -0" : {
    "transaction" : "PUT /products/{id}.json -0",
    "sampleCount" : 200,
    "errorCount" : 0,
    "errorPct" : 0.0,
    "meanResTime" : 616.2200000000001,
    "medianResTime" : 602.5,
    "minResTime" : 119.0,
    "maxResTime" : 1135.0,
    "pct1ResTime" : 877.8,
    "pct2ResTime" : 916.55,
    "pct3ResTime" : 1057.97,
    "throughput" : 1.3361124472235584,
    "receivedKBytesPerSec" : 0.9290156859601305,
    "sentKBytesPerSec" : 1.0201949221046445
  },
  "PUT /products/{id}.json -1" : {
    "transaction" : "PUT /products/{id}.json -1",
    "sampleCount" : 200,
    "errorCount" : 0,
    "errorPct" : 0.0,
    "meanResTime" : 951.3600000000002,
    "medianResTime" : 926.0,
    "minResTime" : 230.0,
    "maxResTime" : 1451.0,
    "pct1ResTime" : 1268.3000000000002,
    "pct2ResTime" : 1337.0,
    "pct3ResTime" : 1432.97,