{
  "GET/buyer/order " : {
    "transaction" : "GET/buyer/order ",
    "sampleCount" : 200,
    "errorCount" : 10,
    "errorPct" : 5.0,
    "meanResTime" : 815.7950000000001,
    "medianResTime" : 633.5,
    "minResTime" : 12.0,
    "maxResTime" : 8475.0,
    "pct1ResTime" : 1262.8000000000002,
    "pct2ResTime" : 1984.2499999999975,
    "pct3ResTime" : 6003.260000000018,
    "throughput" : 1.3134477346310198,
    "receivedKBytesPerSec" : 2.579052109397062,
    "sentKBytesPerSec" : 0.44251901215595885
  },
  "GET/buyer/order/{id}" : {
    "transaction" : "GET/buyer/order/{id}",
    "sampleCount" : 200,
    "errorCount" : 10,
    "errorPct" : 5.0,
    "meanResTime" : 705.7299999999999,
    "medianResTime" : 584.0,
    "minResTime" : 11.0,
    "maxResTime" : 4496.0,
    "pct1ResTime" : 1284.5000000000005,
    "pct2ResTime" : 1538.0,
    "pct3ResTime" : 2560.740000000003,
    "throughput" : 1.3174015571686406,
    "receivedKBytesPerSec" : 1.497836682552334,
    "sentKBytesPerSec" : 0.45157026031854774
  },
  "GET/seller/product" : {
    "transaction" : "GET/seller/product",
    "sampleCount" : 200,
    "errorCount" : 9,
    "errorPct" : 4.5,
    "meanResTime" : 2903.9550000000004,
    "medianResTime" : 2582.0,
    "minResTime" : 12.0,
    "maxResTime" : 8765.0,
    "pct1ResTime" : 5937.900000000001,
    "pct2ResTime" : 6173.5999999999985,
    "pct3ResTime" : 8716.700000000003,
    "throughput" : 1.2552091178390319,
    "receivedKBytesPerSec" : 3.001255258149445,
    "sentKBytesPerSec" : 0.4265749736406085
  },
  "POST/buyer/order" : {
    "transaction" : "POST/buyer/order",
    "sampleCount" : 200,
    "errorCount" : 200,
    "errorPct" : 100.0,
    "meanResTime" : 1490.2249999999995,
    "medianResTime" : 998.0,
    "minResTime" : 11.0,
    "maxResTime" : 8186.0,
    "pct1ResTime" : 2558.3000000000015,
    "pct2ResTime" : 6023.5,
    "pct3ResTime" : 7987.5300000000025,
    "throughput" : 1.3083953185615502,
    "receivedKBytesPerSec" : 0.42669786780627894,
    "sentKBytesPerSec" : 0.5315355981656298
  },
  "POST/auth/register" : {
    "transaction" : "POST/auth/register",
    "sampleCount" : 200,
    "errorCount" : 185,
    "errorPct" : 92.5,
    "meanResTime" : 899.8900000000001,
    "medianResTime" : 597.5,
    "minResTime" : 11.0,
    "maxResTime" : 3849.0,
    "pct1ResTime" : 1991.4,
    "pct2ResTime" : 2189.85,
    "pct3ResTime" : 3073.820000000001,
    "throughput" : 1.2627139510950887,
    "receivedKBytesPerSec" : 0.43411957664358003,
    "sentKBytesPerSec" : 0.7287733838839818
  },
  "GET/buyer/product/{id}" : {
    "transaction" : "GET/buyer/product/{id}",
    "sampleCount" : 200,
    "errorCount" : 10,
    "errorPct" : 5.0,
    "meanResTime" : 633.835,
    "medianResTime" : 328.5,
    "minResTime" : 12.0,
    "maxResTime" : 4475.0,
    "pct1ResTime" : 1452.300000000001,
    "pct2ResTime" : 2823.1,
    "pct3ResTime" : 4276.99,
    "throughput" : 1.3093461125513919,
    "receivedKBytesPerSec" : 1.0999658137913426,
    "sentKBytesPerSec" : 0.45136638450257943
  },
  "Total" : {
    "transaction" : "Total",
    "sampleCount" : 2200,
    "errorCount" : 1043,
    "errorPct" : 47.409092,
    "meanResTime" : 1411.4872727272716,
    "medianResTime" : 936.5,
    "minResTime" : 11.0,
    "maxResTime" : 11876.0,
    "pct1ResTime" : 2990.900000000001,
    "pct2ResTime" : 4276.95,
    "pct3ResTime" : 7016.939999999999,
    "throughput" : 13.281575436329938,
    "receivedKBytesPerSec" : 10.964757650866623,
    "sentKBytesPerSec" : 30.88461518144443
  },
  "GET/seller/product/{id}" : {
    "transaction" : "GET/seller/product/{id}",
    "sampleCount" : 200,
    "errorCount" : 200,
    "errorPct" : 100.0,
    "meanResTime" : 1668.9249999999997,
    "medianResTime" : 1310.5,
    "minResTime" : 11.0,
    "maxResTime" : 7030.0,
    "pct1ResTime" : 3251.3,
    "pct2ResTime" : 4279.099999999996,
    "pct3ResTime" : 5759.98,
    "throughput" : 1.2871089602090267,
    "receivedKBytesPerSec" : 0.4160604852722557,
    "sentKBytesPerSec" : 0.44495758975976113
  },
  "POST/seller/product" : {
    "transaction" : "POST/seller/product",
    "sampleCount" : 200,
    "errorCount" : 200,
    "errorPct" : 100.0,
    "meanResTime" : 2062.4049999999993,
    "medianResTime" : 1929.0,
    "minResTime" : 29.0,
    "maxResTime" : 6264.0,
    "pct1ResTime" : 3475.4000000000015,
    "pct2ResTime" : 5267.849999999999,
    "pct3ResTime" : 5791.6900000000005,
    "throughput" : 1.2554060924857668,
    "receivedKBytesPerSec" : 0.39666664182008776,
    "sentKBytesPerSec" : 27.286692773882532
  },
  "PUT /buyer/order/{id}" : {
    "transaction" : "PUT /buyer/order/{id}",
    "sampleCount" : 200,
    "errorCount" : 10,
    "errorPct" : 5.0,
    "meanResTime" : 2003.3500000000004,
    "medianResTime" : 1154.0,
    "minResTime" : 13.0,
    "maxResTime" : 11876.0,
    "pct1ResTime" : 4170.9,
    "pct2ResTime" : 8042.449999999989,
    "pct3ResTime" : 11750.02000000001,
    "throughput" : 1.3180700817862485,
    "receivedKBytesPerSec" : 0.8370517326031225,
    "sentKBytesPerSec" : 0.4762557912704219
  },
  "DELETE/seller/product/{id} " : {
    "transaction" : "DELETE/seller/product/{id} ",
    "sampleCount" : 200,
    "errorCount" : 200,
    "errorPct" : 100.0,
    "meanResTime" : 1274.5199999999995,
    "medianResTime" : 861.5,
    "minResTime" : 14.0,
    "maxResTime" : 7011.0,
    "pct1ResTime" : 2787.6,
    "pct2ResTime" : 3554.599999999999,
    "pct3ResTime" : 5475.020000000004,
    "throughput" : 1.3047250618113497,
    "receivedKBytesPerSec" : 0.42186959762279097,
    "sentKBytesPerSec" : 0.47907873363385506
  },
  "POST/auth/login " : {
    "transaction" : "POST/auth/login ",
    "sampleCount" : 200,
    "errorCount" : 9,
    "errorPct" : 4.5,
    "meanResTime" : 1067.7299999999996,
    "medianResTime" : 834.0,
    "minResTime" : 12.0,
    "maxResTime" : 5871.0,
    "pct1ResTime" : 1954.4,
    "pct2ResTime" : 2162.95,
    "pct3ResTime" : 5717.670000000011,
    "throughput" : 1.2673628713373213,
    "receivedKBytesPerSec" : 0.6108342495310758,
    "sentKBytesPerSec" : 0.5346687113454325
  }
}